cell_type	stimulus	0	1	2	3	4	5	6	7	8	9	10	11	12	13	14	15	16	17	18	19	20	21	22	23	24	25	26	27	28	29	30	31	32	33	34	35	36	37	38	39	40	41	42	43	44	45	46	47	48	49	50	51	52	53	54	55	56	57	58	59	60	61	62	63	64	65	66	67	68	69	70	71	72	73	74	75	76	77	78	79	80	81	82	83	84	85	86	87	88	89	90	91	92	93	94	95	96	97	98	99	100	101	102	103	104	105	106	107	108	109	110	111	112	113	114	115	116	117	118	119
Luminance	lumi_ipsi_dots_ipsi	0.3073853427117149	0.3057897638019096	0.3044942553197636	0.3034423850545667	0.3025883342526621	0.3018949044606072	0.3013319125269019	0.3008749630294582	0.3005048805208822	0.3002096829719989	0.3	0.3	0.2999999999999999	0.2999999999999999	0.3	0.3	0.3	0.2999999999999999	0.3	0.3	0.4086184686100301	0.5159487933342993	0.6064665667255762	0.6805554651020338	0.7408156401072469	0.789761515991469	0.8295057025101465	0.8617760249143993	0.8879775735100361	0.9092515809252056	0.9265247239076428	0.9405494170595264	0.9519365752704484	0.9611822229184076	0.9686891002905084	0.9747842068755456	0.9797330454456932	0.9837511873520444	0.987013662809805	0.9896625852123856	0.9918133415891736	0.9935596188632032	0.9949774848524446	0.9961287017830804	0.997063416651368	0.9978223456262176	0.998438547645045	0.9989388644607023	0.999345089867925	0.999674919040779	0.9999427193342398	0.9999899068998755	0.9999982215522678	0.9999996866298464	0.9999999447828284	0.9999999902704964	0.9999999982856194	0.9999999996979188	0.999999999946772	0.9999999999906208	0.9999999999983472	0.9999999999997088	0.9999999999999488	0.9999999999999908	0.9999999999999982	0.9999999999999996	0.9999999999999998	1.0	1.0	1.0	1.0	1.0	1.0	1.0	1.0	1.0	1.0	1.0	1.0	1.0	1.0	1.0	1.0	1.0	1.0	1.0	1.0	1.0	1.0	1.0	1.0	1.0	1.0	1.0	1.0	1.0	1.0	1.0	1.0	1.0	0.8913815313899697	0.7840512066657005	0.6935334332744237	0.619444534897966	0.559184359892753	0.510238484008531	0.4704942974898533	0.4382239750856005	0.4120224264899635	0.3907484190747942	0.373475276092357	0.3594505829404734	0.3480634247295516	0.3388177770815924	0.3313108997094912	0.3252157931244542	0.3202669545543068	0.3162488126479555	0.3129863371901949	0.3103374147876142
Luminance	lumi_ipsi_dots_off	0.3081866584108261	0.3064403811367966	0.3050225151475552	0.3038712982169193	0.302936583348632	0.3021776543737822	0.3015614523549547	0.3010611355392973	0.3006549101320748	0.3003250809592209	0.3000572806657601	0.3000100931001243	0.3000017784477321	0.3000003133701535	0.3000000552171713	0.3000000097295034	0.3000000017143804	0.3000000003020812	0.3000000000532279	0.300000000009379	0.4086184686116828	0.5159487933345905	0.6064665667256275	0.6805554651020429	0.7408156401072485	0.7897615159914693	0.8295057025101467	0.8617760249143993	0.8879775735100361	0.9092515809252056	0.9265247239076428	0.9405494170595264	0.9519365752704484	0.9611822229184076	0.9686891002905084	0.9747842068755456	0.9797330454456932	0.9837511873520444	0.987013662809805	0.9896625852123856	0.9918133415891736	0.9935596188632032	0.9949774848524446	0.9961287017830804	0.997063416651368	0.9978223456262176	0.998438547645045	0.9989388644607023	0.999345089867925	0.999674919040779	0.9999427193342398	0.9999899068998755	0.9999982215522678	0.9999996866298464	0.9999999447828284	0.9999999902704964	0.9999999982856194	0.9999999996979188	0.999999999946772	0.9999999999906208	0.9999999999983472	0.9999999999997088	0.9999999999999488	0.9999999999999908	0.9999999999999982	0.9999999999999996	0.9999999999999998	1.0	1.0	1.0	1.0	1.0	1.0	1.0	1.0	1.0	1.0	1.0	1.0	1.0	1.0	1.0	1.0	1.0	1.0	1.0	1.0	1.0	1.0	1.0	1.0	1.0	1.0	1.0	1.0	1.0	1.0	1.0	1.0	1.0	0.8913815313899697	0.7840512066657005	0.6935334332744237	0.619444534897966	0.559184359892753	0.510238484008531	0.4704942974898533	0.4382239750856005	0.4120224264899635	0.3907484190747942	0.373475276092357	0.3594505829404734	0.3480634247295516	0.3388177770815924	0.3313108997094912	0.3252157931244542	0.3202669545543068	0.3162488126479555	0.3129863371901949	0.3103374147876142
Luminance	lumi_contra_dots_contra	0.2964914321096458	0.2972398366556585	0.2978474935081905	0.2983408721927488	0.2987414642791576	0.2990667195540933	0.2993308061335907	0.2995452276260153	0.2997193242291107	0.2998606795889053	0.2999754511432456	0.299995674385661	0.2999992378081147	0.2999998656985055	0.2999999763354979	0.2999999958302127	0.2999999992652655	0.2999999998705366	0.2999999999771879	0.2999999999959803	0.2534492277378501	0.2074505171423182	0.1686571856890167	0.136904800670553	0.1110790113826076	0.0901022074322274	0.0730689846385085	0.0592388464652573	0.0480096113528415	0.0388921796034832	0.0314894040395815	0.0254788212602029	0.0205986105983792	0.0166361901778253	0.0134189570183533	0.0108067684819089	0.0086858376661315	0.0069637768491238	0.0055655730815121	0.0044303206232632	0.003508567890354	0.0027601633443414	0.0021525064918094	0.0016591278072511	0.0012585357208423	0.0009332804459066	0.0006691938664092	0.0004547723739846	0.0002806757708892	0.0001393204110947	2.454885675434802e-05	4.325614338991703e-06	7.621918852240081e-07	1.3430149439460734e-07	2.3664502005717e-08	4.169787221675687e-09	7.347344757075131e-10	1.2946338052622583e-10	2.281200549509866e-11	4.0195736631717184e-12	7.082661994419052e-13	1.2479955619863544e-13	2.1990219552482185e-14	3.874771439010969e-15	6.827514235497584e-16	1.2030374270122663e-16	2.119803780653108e-17	3.7351855733030454e-18	6.581557696118462e-19	1.1596986418199789e-19	2.043437517509964e-20	3.6006134120907515e-21	6.344345339516191e-22	1.1178304798447455e-22	1.969123882274177e-23	3.4655925256997524e-24	6.0764141053919035e-25	1.0493311473017615e-25	1.706419552407185e-26	2.1581524145800485e-27	0.0	0.0	0.0	0.0	0.0	0.0	0.0	0.0	0.0	0.0	0.0	0.0	0.0	0.0	0.0	0.0	0.0	0.0	0.0	0.0	0.0465507722614415	0.0925494828575568	0.1313428143109612	0.163095199329443	0.1889209886173916	0.2098977925677724	0.2269310153614913	0.2407611535347425	0.2519903886471584	0.2611078203965167	0.2685105959604184	0.2745211787397971	0.2794013894016207	0.2833638098221746	0.2865810429816465	0.2891932315180909	0.2913141623338684	0.2930362231508762	0.2944344269184878	0.2955696793767367
Luminance	lumi_contra_dots_off	0.2964914321096458	0.2972398366556585	0.2978474935081905	0.2983408721927488	0.2987414642791576	0.2990667195540933	0.2993308061335907	0.2995452276260153	0.2997193242291107	0.2998606795889053	0.2999754511432456	0.299995674385661	0.2999992378081147	0.2999998656985055	0.2999999763354979	0.2999999958302127	0.2999999992652655	0.2999999998705366	0.2999999999771879	0.2999999999959803	0.2534492277378501	0.2074505171423182	0.1686571856890167	0.136904800670553	0.1110790113826076	0.0901022074322274	0.0730689846385085	0.0592388464652573	0.0480096113528415	0.0388921796034832	0.0314894040395815	0.0254788212602029	0.0205986105983792	0.0166361901778253	0.0134189570183533	0.0108067684819089	0.0086858376661315	0.0069637768491238	0.0055655730815121	0.0044303206232632	0.003508567890354	0.0027601633443414	0.0021525064918094	0.0016591278072511	0.0012585357208423	0.0009332804459066	0.0006691938664092	0.0004547723739846	0.0002806757708892	0.0001393204110947	2.454885675434802e-05	4.325614338991703e-06	7.621918852240081e-07	1.3430149439460734e-07	2.3664502005717e-08	4.169787221675687e-09	7.347344757075131e-10	1.2946338052622583e-10	2.281200549509866e-11	4.0195736631717184e-12	7.082661994419052e-13	1.2479955619863544e-13	2.1990219552482185e-14	3.874771439010969e-15	6.827514235497584e-16	1.2030374270122663e-16	2.119803780653108e-17	3.7351855733030454e-18	6.581557696118462e-19	1.1596986418199789e-19	2.043437517509964e-20	3.6006134120907515e-21	6.344345339516191e-22	1.1178304798447455e-22	1.969123882274177e-23	3.4655925256997524e-24	6.0764141053919035e-25	1.0493311473017615e-25	1.706419552407185e-26	2.1581524145800485e-27	0.0	0.0	0.0	0.0	0.0	0.0	0.0	0.0	0.0	0.0	0.0	0.0	0.0	0.0	0.0	0.0	0.0	0.0	0.0	0.0	0.0465507722614415	0.0925494828575568	0.1313428143109612	0.163095199329443	0.1889209886173916	0.2098977925677724	0.2269310153614913	0.2407611535347425	0.2519903886471584	0.2611078203965167	0.2685105959604184	0.2745211787397971	0.2794013894016207	0.2833638098221746	0.2865810429816465	0.2891932315180909	0.2913141623338684	0.2930362231508762	0.2944344269184878	0.2955696793767367
Luminance	lumi_off_dots_ipsi	0.2964914321096458	0.2972398366556585	0.2978474935081905	0.2983408721927488	0.2987414642791576	0.2990667195540933	0.2993308061335907	0.2995452276260153	0.2997193242291107	0.2998606795889053	0.2999754511432456	0.299995674385661	0.2999992378081147	0.2999998656985055	0.2999999763354979	0.2999999958302127	0.2999999992652655	0.2999999998705366	0.2999999999771879	0.2999999999959803	0.2999999999992916	0.2999999999998751	0.2999999999999779	0.2999999999999961	0.2999999999999992	0.2999999999999998	0.2999999999999999	0.2999999999999999	0.2999999999999999	0.2999999999999999	0.2999999999999999	0.2999999999999999	0.2999999999999999	0.2999999999999999	0.2999999999999999	0.2999999999999999	0.2999999999999999	0.2999999999999999	0.2999999999999999	0.2999999999999999	0.2999999999999999	0.2999999999999999	0.2999999999999999	0.2999999999999999	0.2999999999999999	0.2999999999999999	0.2999999999999999	0.2999999999999999	0.2999999999999999	0.2999999999999999	0.2999999999999999	0.2999999999999999	0.2999999999999999	0.2999999999999999	0.2999999999999999	0.2999999999999999	0.2999999999999999	0.2999999999999999	0.2999999999999999	0.2999999999999999	0.2999999999999999	0.2999999999999999	0.2999999999999999	0.2999999999999999	0.2999999999999999	0.2999999999999999	0.2999999999999999	0.2999999999999999	0.2999999999999999	0.2999999999999999	0.2999999999999999	0.2999999999999999	0.2999999999999999	0.2999999999999999	0.2999999999999999	0.2999999999999999	0.2999999999999999	0.2999999999999999	0.2999999999999999	0.2999999999999999	0.2999999999999999	0.2999999999999999	0.2999999999999999	0.2999999999999999	0.2999999999999999	0.2999999999999999	0.2999999999999999	0.2999999999999999	0.2999999999999999	0.2999999999999999	0.2999999999999999	0.2999999999999999	0.2999999999999999	0.2999999999999999	0.2999999999999999	0.2999999999999999	0.2999999999999999	0.2999999999999999	0.2999999999999999	0.2999999999999999	0.2999999999999999	0.2999999999999999	0.2999999999999999	0.2999999999999999	0.2999999999999999	0.2999999999999999	0.2999999999999999	0.2999999999999999	0.2999999999999999	0.2999999999999999	0.2999999999999999	0.2999999999999999	0.2999999999999999	0.2999999999999999	0.2999999999999999	0.2999999999999999	0.2999999999999999	0.2999999999999999	0.2999999999999999	0.2999999999999999
Luminance	lumi_off_dots_contra	0.2999999999999999	0.2999999999999999	0.2999999999999999	0.2999999999999999	0.2999999999999999	0.2999999999999999	0.2999999999999999	0.2999999999999999	0.2999999999999999	0.2999999999999999	0.2999999999999999	0.2999999999999999	0.2999999999999999	0.2999999999999999	0.2999999999999999	0.2999999999999999	0.2999999999999999	0.2999999999999999	0.2999999999999999	0.2999999999999999	0.2999999999999999	0.2999999999999999	0.2999999999999999	0.2999999999999999	0.2999999999999999	0.2999999999999999	0.2999999999999999	0.2999999999999999	0.2999999999999999	0.2999999999999999	0.2999999999999999	0.2999999999999999	0.2999999999999999	0.2999999999999999	0.2999999999999999	0.2999999999999999	0.2999999999999999	0.2999999999999999	0.2999999999999999	0.2999999999999999	0.2999999999999999	0.2999999999999999	0.2999999999999999	0.2999999999999999	0.2999999999999999	0.2999999999999999	0.2999999999999999	0.2999999999999999	0.2999999999999999	0.2999999999999999	0.2999999999999999	0.2999999999999999	0.2999999999999999	0.2999999999999999	0.2999999999999999	0.2999999999999999	0.2999999999999999	0.2999999999999999	0.2999999999999999	0.2999999999999999	0.2999999999999999	0.2999999999999999	0.2999999999999999	0.2999999999999999	0.2999999999999999	0.2999999999999999	0.2999999999999999	0.2999999999999999	0.2999999999999999	0.2999999999999999	0.2999999999999999	0.2999999999999999	0.2999999999999999	0.2999999999999999	0.2999999999999999	0.2999999999999999	0.2999999999999999	0.2999999999999999	0.2999999999999999	0.2999999999999999	0.2999999999999999	0.2999999999999999	0.2999999999999999	0.2999999999999999	0.2999999999999999	0.2999999999999999	0.2999999999999999	0.2999999999999999	0.2999999999999999	0.2999999999999999	0.2999999999999999	0.2999999999999999	0.2999999999999999	0.2999999999999999	0.2999999999999999	0.2999999999999999	0.2999999999999999	0.2999999999999999	0.2999999999999999	0.2999999999999999	0.2999999999999999	0.2999999999999999	0.2999999999999999	0.2999999999999999	0.2999999999999999	0.2999999999999999	0.2999999999999999	0.2999999999999999	0.2999999999999999	0.2999999999999999	0.2999999999999999	0.2999999999999999	0.2999999999999999	0.2999999999999999	0.2999999999999999	0.2999999999999999	0.2999999999999999	0.2999999999999999	0.2999999999999999	0.2999999999999999
Bright	lumi_ipsi_dots_ipsi	0.0006879327831714	0.0007277455222063	0.0007085048883381	0.0006563216329887	0.0005880298026461	0.0005142018559967	0.0004412270485706	0.0003727368270587	0.0003105763106021	0.0002554613026734	0.0002074183166756	0.0001684104701663	0.0001367385818004	0.0001110230244849	9.014362883897072e-05	7.319088862833609e-05	5.942634268447243e-05	4.825040754438926e-05	3.917625960193365e-05	3.180862907710592e-05	2.5826582068926136e-05	2.09643790420153e-05	1.7009299669072935e-05	1.3787759186367804e-05	1.115759160867217e-05	9.001637754174209e-06	7.222332593210377e-06	5.737019220468686e-06	4.473733247579711e-06	3.3672005305717423e-06	2.35477029354544e-06	1.5327413861618817e-06	9.793023445533947e-07	6.107699913298366e-07	3.688512391516137e-07	2.130594531044597e-07	1.1537430545442789e-07	5.648538529817984e-08	2.3153099829437043e-08	6.357193659655934e-09	3.7087834766625865e-18	2.9120971246816108e-18	2.2652385190261e-18	1.7400305062740694e-18	1.31359503143115e-18	9.673565701181789e-19	6.86232978942907e-19	4.579785175073122e-19	2.7265042409671403e-19	1.221758090938494e-19	0.0	0.0	0.0	0.0	0.0	0.0	0.0	0.0	0.0	0.0	0.0	0.0	0.0	0.0	0.0	0.0	0.0	0.0	0.0	0.0	0.0	0.0	0.0	0.0	0.0	0.0	0.0	0.0	0.0	0.0	0.0	0.0	0.0	0.0	0.0	0.0	0.0	0.0	0.0	0.0	0.0	0.0	0.0	0.0	0.0	0.0	0.0	0.0	0.0	0.0	0.2425034058076676	0.3688334850085605	0.4213722470735256	0.4285560862119122	0.4092371106386158	0.3757183381829964	0.3358593728275068	0.2945317499855854	0.2546202604823978	0.2177081096937249	0.1845425740619378	0.1553488130033677	0.1300390947301915	0.1083503648724772	0.0899330355821295	0.074406834622719	0.0613946354502499	0.0505417601954776	0.0415258634295387	0.0340608526467806
Bright	lumi_ipsi_dots_off	0.0278971612921853	0.0228199070993928	0.0186459338378883	0.0152203721536231	0.0124131117675233	0.0101154156994908	0.0082368015352682	0.006702247091933	0.005449735747987	0.0044281316385493	0.0035953610228778	0.0025391030283632	0.0017920962941956	0.0012639967403508	0.000890816130992	0.0006272403029522	0.0004411850478411	0.0003099380775979	0.0002174251844947	0.0001522731775772	0.0001064375066403	7.423006417160949e-05	5.163056200785958e-05	3.579883887116192e-05	2.4729527118017583e-05	1.7007570036414893e-05	1.163517527651938e-05	7.909362023524097e-06	5.335334792941719e-06	3.565222221894201e-06	2.35477029354544e-06	1.5327413861618817e-06	9.793023445533947e-07	6.107699913298366e-07	3.688512391516137e-07	2.130594531044597e-07	1.1537430545442789e-07	5.648538529817984e-08	2.3153099829437043e-08	6.357193659655934e-09	3.7087834766625865e-18	2.9120971246816108e-18	2.2652385190261e-18	1.7400305062740694e-18	1.31359503143115e-18	9.673565701181789e-19	6.86232978942907e-19	4.579785175073122e-19	2.7265042409671403e-19	1.221758090938494e-19	0.0	0.0	0.0	0.0	0.0	0.0	0.0	0.0	0.0	0.0	0.0	0.0	0.0	0.0	0.0	0.0	0.0	0.0	0.0	0.0	0.0	0.0	0.0	0.0	0.0	0.0	0.0	0.0	0.0	0.0	0.0	0.0	0.0	0.0	0.0	0.0	0.0	0.0	0.0	0.0	0.0	0.0	0.0	0.0	0.0	0.0	0.0	0.0	0.0	0.0	0.2425034058076676	0.3688334850085605	0.4213722470735256	0.4285560862119122	0.4092371106386158	0.3757183381829964	0.3358593728275068	0.2945317499855854	0.2546202604823978	0.2177081096937249	0.1845425740619378	0.1553488130033677	0.1300390947301915	0.1083503648724772	0.0899330355821295	0.074406834622719	0.0613946354502499	0.0505417601954776	0.0415258634295387	0.0340608526467806
Bright	lumi_contra_dots_contra	1.4835133906650346e-17	1.1648388498726445e-17	9.0609540761044e-18	6.960122025096277e-18	5.254380125724601e-18	3.869426280472716e-18	2.744931915771628e-18	1.8319140700292487e-18	1.0906016963868561e-18	4.887032363753976e-19	6.328863597484502e-17	1.146749798211183e-16	1.5639742008570166e-16	1.9027338578661555e-16	2.1777851360013983e-16	2.401109265774589e-16	2.582434243709904e-16	2.7296585837605487e-16	2.8491953764857075e-16	2.946251643201538e-16	0.5658412802178916	0.860611465019975	0.9832019098382268	0.999964201161129	0.9548865914901042	0.8766761224269923	0.7836718699308497	0.6872407499663669	0.5941139411255959	0.5079855892853589	0.4305993394778555	0.3624805636745253	0.3034245543704476	0.2528175180357811	0.2098437496916364	0.1736159474530116	0.1432541493839171	0.1179307737894486	0.096893681335591	0.0794753228424888	0.0650933763484331	0.0532464498985841	0.0435071789550736	0.0355142016917881	0.0289639274575551	0.0236026366321459	0.0192192035822931	0.0156385765478443	0.0127160500786372	0.010332307156616	0.0083891757200491	0.0059245737328484	0.0041815580197906	0.0029493257274858	0.0020785709723155	0.0014635607068893	0.0010294317782965	0.0007231888477292	0.0005073254304883	0.0003553040810141	0.0002483541821615	0.0001732034830679	0.0001204713113526	8.353062403372916e-05	5.77022299431204e-05	3.968433008609746e-05	2.7148742313048688e-05	1.8455178056092564e-05	1.2449114518093629e-05	8.318851852337967e-06	5.4944640195415815e-06	3.5763965689942697e-06	2.2850388052525346e-06	1.4251299810737505e-06	8.606528926656926e-07	4.971387252285972e-07	2.692067140504074e-07	1.317992336898664e-07	5.402390093271209e-08	1.4833453205791861e-08	1.3440010486116529e-15	1.3440010486116529e-15	1.3440010486116529e-15	1.3440010486116529e-15	1.3440010486116529e-15	1.3440010486116529e-15	1.3440010486116529e-15	1.3440010486116529e-15	1.3440010486116529e-15	1.3440010486116529e-15	1.3440010486116529e-15	1.3440010486116529e-15	1.3440010486116529e-15	1.3440010486116529e-15	1.3440010486116529e-15	1.3440010486116529e-15	1.3440010486116529e-15	1.3440010486116529e-15	1.3440010486116529e-15	1.3440010486116529e-15	1.0908465047122728e-15	8.853011293271796e-16	7.184113682688463e-16	5.829075054651907e-16	4.728869942110938e-16	3.8355734230181714e-16	3.1102735112769114e-16	2.521376151074334e-16	2.0432289801737e-16	1.6550039133103764e-16	1.3397898710372832e-16	1.0838561332986958e-16	8.76054229422552e-17	7.073323108662108e-17	5.703408527980501e-17	4.591125088803396e-17	3.6880217373140756e-17	2.9547593019094446e-17	2.359396879337492e-17	1.8760004893190308e-17
Bright	lumi_contra_dots_off	1.4835133906650346e-17	1.1648388498726445e-17	9.0609540761044e-18	6.960122025096277e-18	5.254380125724601e-18	3.869426280472716e-18	2.744931915771628e-18	1.8319140700292487e-18	1.0906016963868561e-18	4.887032363753976e-19	6.328863597484502e-17	1.146749798211183e-16	1.5639742008570166e-16	1.9027338578661555e-16	2.1777851360013983e-16	2.401109265774589e-16	2.582434243709904e-16	2.7296585837605487e-16	2.8491953764857075e-16	2.946251643201538e-16	0.5658412802178916	0.860611465019975	0.9832019098382268	0.999964201161129	0.9548865914901042	0.8766761224269923	0.7836718699308497	0.6872407499663669	0.5941139411255959	0.5079855892853589	0.4305993394778555	0.3624805636745253	0.3034245543704476	0.2528175180357811	0.2098437496916364	0.1736159474530116	0.1432541493839171	0.1179307737894486	0.096893681335591	0.0794753228424888	0.0650933763484331	0.0532464498985841	0.0435071789550736	0.0355142016917881	0.0289639274575551	0.0236026366321459	0.0192192035822931	0.0156385765478443	0.0127160500786372	0.010332307156616	0.0083891757200491	0.0059245737328484	0.0041815580197906	0.0029493257274858	0.0020785709723155	0.0014635607068893	0.0010294317782965	0.0007231888477292	0.0005073254304883	0.0003553040810141	0.0002483541821615	0.0001732034830679	0.0001204713113526	8.353062403372916e-05	5.77022299431204e-05	3.968433008609746e-05	2.7148742313048688e-05	1.8455178056092564e-05	1.2449114518093629e-05	8.318851852337967e-06	5.4944640195415815e-06	3.5763965689942697e-06	2.2850388052525346e-06	1.4251299810737505e-06	8.606528926656926e-07	4.971387252285972e-07	2.692067140504074e-07	1.317992336898664e-07	5.402390093271209e-08	1.4833453205791861e-08	1.3440010486116529e-15	1.3440010486116529e-15	1.3440010486116529e-15	1.3440010486116529e-15	1.3440010486116529e-15	1.3440010486116529e-15	1.3440010486116529e-15	1.3440010486116529e-15	1.3440010486116529e-15	1.3440010486116529e-15	1.3440010486116529e-15	1.3440010486116529e-15	1.3440010486116529e-15	1.3440010486116529e-15	1.3440010486116529e-15	1.3440010486116529e-15	1.3440010486116529e-15	1.3440010486116529e-15	1.3440010486116529e-15	1.3440010486116529e-15	1.0908465047122728e-15	8.853011293271796e-16	7.184113682688463e-16	5.829075054651907e-16	4.728869942110938e-16	3.8355734230181714e-16	3.1102735112769114e-16	2.521376151074334e-16	2.0432289801737e-16	1.6550039133103764e-16	1.3397898710372832e-16	1.0838561332986958e-16	8.76054229422552e-17	7.073323108662108e-17	5.703408527980501e-17	4.591125088803396e-17	3.6880217373140756e-17	2.9547593019094446e-17	2.359396879337492e-17	1.8760004893190308e-17
Bright	lumi_off_dots_ipsi	1.4835133906650346e-17	1.1648388498726445e-17	9.0609540761044e-18	6.960122025096277e-18	5.254380125724601e-18	3.869426280472716e-18	2.744931915771628e-18	1.8319140700292487e-18	1.0906016963868561e-18	4.887032363753976e-19	6.328863597484502e-17	1.146749798211183e-16	1.5639742008570166e-16	1.9027338578661555e-16	2.1777851360013983e-16	2.401109265774589e-16	2.582434243709904e-16	2.7296585837605487e-16	2.8491953764857075e-16	2.946251643201538e-16	3.0250551537698117e-16	3.089038588204458e-16	3.140989064173494e-16	3.1831695438125795e-16	3.21741740832962e-16	3.2452244943090475e-16	3.2678020780962807e-16	3.2861336389813956e-16	3.301017699545695e-16	3.3131026092961564e-16	3.3229147867625063e-16	3.3308816502823165e-16	3.337350236338871e-16	3.342602316466392e-16	3.3468666712148204e-16	3.3503290558279507e-16	3.353140291739703e-16	3.3554228363540593e-16	3.357276117288165e-16	3.358780863438193e-16	3.3600026215291327e-16	3.3600026215291327e-16	3.3600026215291327e-16	3.3600026215291327e-16	3.3600026215291327e-16	3.3600026215291327e-16	3.3600026215291327e-16	3.3600026215291327e-16	3.3600026215291327e-16	3.3600026215291327e-16	3.3600026215291327e-16	3.3600026215291327e-16	3.3600026215291327e-16	3.3600026215291327e-16	3.3600026215291327e-16	3.3600026215291327e-16	3.3600026215291327e-16	3.3600026215291327e-16	3.3600026215291327e-16	3.3600026215291327e-16	3.3600026215291327e-16	3.3600026215291327e-16	3.3600026215291327e-16	3.3600026215291327e-16	3.3600026215291327e-16	3.3600026215291327e-16	3.3600026215291327e-16	3.3600026215291327e-16	3.3600026215291327e-16	3.3600026215291327e-16	3.3600026215291327e-16	3.3600026215291327e-16	3.3600026215291327e-16	3.3600026215291327e-16	3.3600026215291327e-16	3.3600026215291327e-16	3.3600026215291327e-16	3.3600026215291327e-16	3.3600026215291327e-16	3.3600026215291327e-16	3.3600026215291327e-16	3.3600026215291327e-16	3.3600026215291327e-16	3.3600026215291327e-16	3.3600026215291327e-16	3.3600026215291327e-16	3.3600026215291327e-16	3.3600026215291327e-16	3.3600026215291327e-16	3.3600026215291327e-16	3.3600026215291327e-16	3.3600026215291327e-16	3.3600026215291327e-16	3.3600026215291327e-16	3.3600026215291327e-16	3.3600026215291327e-16	3.3600026215291327e-16	3.3600026215291327e-16	3.3600026215291327e-16	3.3600026215291327e-16	3.3600026215291327e-16	3.3600026215291327e-16	3.3600026215291327e-16	3.3600026215291327e-16	3.3600026215291327e-16	3.3600026215291327e-16	3.3600026215291327e-16	3.3600026215291327e-16	3.3600026215291327e-16	3.3600026215291327e-16	3.3600026215291327e-16	3.3600026215291327e-16	3.3600026215291327e-16	3.3600026215291327e-16	3.3600026215291327e-16	3.3600026215291327e-16	3.3600026215291327e-16	3.3600026215291327e-16	3.3600026215291327e-16	3.3600026215291327e-16
Bright	lumi_off_dots_contra	3.3600026215291327e-16	3.3600026215291327e-16	3.3600026215291327e-16	3.3600026215291327e-16	3.3600026215291327e-16	3.3600026215291327e-16	3.3600026215291327e-16	3.3600026215291327e-16	3.3600026215291327e-16	3.3600026215291327e-16	3.3600026215291327e-16	3.3600026215291327e-16	3.3600026215291327e-16	3.3600026215291327e-16	3.3600026215291327e-16	3.3600026215291327e-16	3.3600026215291327e-16	3.3600026215291327e-16	3.3600026215291327e-16	3.3600026215291327e-16	3.3600026215291327e-16	3.3600026215291327e-16	3.3600026215291327e-16	3.3600026215291327e-16	3.3600026215291327e-16	3.3600026215291327e-16	3.3600026215291327e-16	3.3600026215291327e-16	3.3600026215291327e-16	3.3600026215291327e-16	3.3600026215291327e-16	3.3600026215291327e-16	3.3600026215291327e-16	3.3600026215291327e-16	3.3600026215291327e-16	3.3600026215291327e-16	3.3600026215291327e-16	3.3600026215291327e-16	3.3600026215291327e-16	3.3600026215291327e-16	3.3600026215291327e-16	3.3600026215291327e-16	3.3600026215291327e-16	3.3600026215291327e-16	3.3600026215291327e-16	3.3600026215291327e-16	3.3600026215291327e-16	3.3600026215291327e-16	3.3600026215291327e-16	3.3600026215291327e-16	3.3600026215291327e-16	3.3600026215291327e-16	3.3600026215291327e-16	3.3600026215291327e-16	3.3600026215291327e-16	3.3600026215291327e-16	3.3600026215291327e-16	3.3600026215291327e-16	3.3600026215291327e-16	3.3600026215291327e-16	3.3600026215291327e-16	3.3600026215291327e-16	3.3600026215291327e-16	3.3600026215291327e-16	3.3600026215291327e-16	3.3600026215291327e-16	3.3600026215291327e-16	3.3600026215291327e-16	3.3600026215291327e-16	3.3600026215291327e-16	3.3600026215291327e-16	3.3600026215291327e-16	3.3600026215291327e-16	3.3600026215291327e-16	3.3600026215291327e-16	3.3600026215291327e-16	3.3600026215291327e-16	3.3600026215291327e-16	3.3600026215291327e-16	3.3600026215291327e-16	3.3600026215291327e-16	3.3600026215291327e-16	3.3600026215291327e-16	3.3600026215291327e-16	3.3600026215291327e-16	3.3600026215291327e-16	3.3600026215291327e-16	3.3600026215291327e-16	3.3600026215291327e-16	3.3600026215291327e-16	3.3600026215291327e-16	3.3600026215291327e-16	3.3600026215291327e-16	3.3600026215291327e-16	3.3600026215291327e-16	3.3600026215291327e-16	3.3600026215291327e-16	3.3600026215291327e-16	3.3600026215291327e-16	3.3600026215291327e-16	3.3600026215291327e-16	3.3600026215291327e-16	3.3600026215291327e-16	3.3600026215291327e-16	3.3600026215291327e-16	3.3600026215291327e-16	3.3600026215291327e-16	3.3600026215291327e-16	3.3600026215291327e-16	3.3600026215291327e-16	3.3600026215291327e-16	3.3600026215291327e-16	3.3600026215291327e-16	3.3600026215291327e-16	3.3600026215291327e-16	3.3600026215291327e-16	3.3600026215291327e-16	3.3600026215291327e-16	3.3600026215291327e-16	3.3600026215291327e-16
Dark	lumi_ipsi_dots_ipsi	0.0071654358591109	0.005800678573532	0.0046855186653144	0.0037701168739206	0.0030128170927594	0.0023781191122399	0.0018348322127182	0.0013542933488811	0.0009085217762197	0.00046815846232	0.0	0.0	0.0	0.0	0.0	0.0	0.0	0.0	0.0	0.0	0.2425120874588111	0.368846689291759	0.4213873322507355	0.4285714285714287	0.4092517613764795	0.3757317889447679	0.3358713966335164	0.2945422942577184	0.2546293759183982	0.21771590367028	0.1845491807083216	0.1553543745095884	0.1300437501454489	0.1083542438285928	0.0899362551956377	0.0744094983963622	0.0613968333855951	0.0505435695965812	0.0415273500604519	0.0340620720294084	0.02789816001392	0.0228207240548158	0.0186466013645656	0.0152209170447794	0.0124135561584196	0.0101157778325911	0.008237096413755	0.0067024870331858	0.0054499308491829	0.004428290166195	0.0035954897372351	0.0025391939285571	0.0017921604514585	0.0012640419915859	0.0008908480223165	0.0006272627582303	0.0004412008423186	0.0003099491734181	0.0002174329683421	0.000152278628975	0.0001064413171156	7.423272161661811e-05	5.163241038801178e-05	3.5800120473753914e-05	2.473041243794404e-05	1.7008178909370893e-05	1.1635591817114778e-05	7.9096451795716e-06	5.335525798516745e-06	3.5653498572361205e-06	2.3548545945707244e-06	1.5327962584599871e-06	9.79337403672524e-07	6.10791856950778e-07	3.6886444405567866e-07	2.1306708064671933e-07	1.153784358590001e-07	5.6487407474264496e-08	2.3153928707257632e-08	6.357421243230272e-09	0.0	0.0	0.0	0.0	0.0	0.0	0.0	0.0	0.0	0.0	0.0	0.0	0.0	0.0	0.0	0.0	0.0	0.0	0.0	0.0	0.0	0.0	0.0	0.0	0.0	0.0	0.0	0.0	0.0	0.0	0.0	0.0	0.0	0.0	0.0	0.0	0.0	0.0	0.0	0.0
Dark	lumi_ipsi_dots_off	0.0	0.0	0.0	0.0	0.0	0.0	0.0	0.0	0.0	0.0	0.0	0.0	0.0	0.0	0.0	0.0	0.0	0.0	0.0	0.0	0.2425120874588111	0.368846689291759	0.4213873322507355	0.4285714285714287	0.4092517613764795	0.3757317889447679	0.3358713966335164	0.2945422942577184	0.2546293759183982	0.21771590367028	0.1845491807083216	0.1553543745095884	0.1300437501454489	0.1083542438285928	0.0899362551956377	0.0744094983963622	0.0613968333855951	0.0505435695965812	0.0415273500604519	0.0340620720294084	0.02789816001392	0.0228207240548158	0.0186466013645656	0.0152209170447794	0.0124135561584196	0.0101157778325911	0.008237096413755	0.0067024870331858	0.0054499308491829	0.004428290166195	0.0035954897372351	0.0025391939285571	0.0017921604514585	0.0012640419915859	0.0008908480223165	0.0006272627582303	0.0004412008423186	0.0003099491734181	0.0002174329683421	0.000152278628975	0.0001064413171156	7.423272161661811e-05	5.163241038801178e-05	3.5800120473753914e-05	2.473041243794404e-05	1.7008178909370893e-05	1.1635591817114778e-05	7.9096451795716e-06	5.335525798516745e-06	3.5653498572361205e-06	2.3548545945707244e-06	1.5327962584599871e-06	9.79337403672524e-07	6.10791856950778e-07	3.6886444405567866e-07	2.1306708064671933e-07	1.153784358590001e-07	5.6487407474264496e-08	2.3153928707257632e-08	6.357421243230272e-09	0.0	0.0	0.0	0.0	0.0	0.0	0.0	0.0	0.0	0.0	0.0	0.0	0.0	0.0	0.0	0.0	0.0	0.0	0.0	0.0	0.0	0.0	0.0	0.0	0.0	0.0	0.0	0.0	0.0	0.0	0.0	0.0	0.0	0.0	0.0	0.0	0.0	0.0	0.0	0.0
Dark	lumi_contra_dots_contra	0.0650957066991463	0.053248356127903	0.0435087365173194	0.0355154731044849	0.0289649643696452	0.0236034816093788	0.0192198916320945	0.0156391364107665	0.0127165053147597	0.0103326770544545	0.0083894760535483	0.0059247858332997	0.0041817077200696	0.0029494313137004	0.002078645385405	0.0014636131025373	0.0010294686320766	0.0007232147379755	0.0005073435927983	0.0003553168009416	0.0002483630732696	0.000173209683772	0.0001204756242386	8.353361443873329e-05	5.770429568851528e-05	3.968575078851527e-05	2.7149714239920907e-05	1.8455838752322823e-05	1.2449560196530362e-05	8.319149666877393e-06	5.4946607206595565e-06	3.5765246030689573e-06	2.285120608565847e-06	1.4251809995492044e-06	8.606837027946113e-07	4.971565215075293e-07	2.6921635033659424e-07	1.318039507725804e-07	5.40258336498564e-08	1.4833982900665804e-08	0.0	0.0	0.0	0.0	0.0	0.0	0.0	0.0	0.0	0.0	0.0	0.0	0.0	0.0	0.0	0.0	0.0	0.0	0.0	0.0	0.0	0.0	0.0	0.0	0.0	0.0	0.0	0.0	0.0	0.0	0.0	0.0	0.0	0.0	0.0	0.0	0.0	0.0	0.0	0.0	0.0	0.0	0.0	0.0	0.0	0.0	0.0	0.0	0.0	0.0	0.0	0.0	0.0	0.0	0.0	0.0	0.0	0.0	0.0	0.0	0.5658615374038927	0.8606422750141043	0.9832371085850492	1.0	0.9549207765451184	0.8767075075377911	0.7836999254782046	0.6872653532680092	0.594135210476262	0.5080037752306528	0.4306147549860832	0.3624935405223726	0.3034354170060471	0.2528265689333828	0.2098512621231542	0.1736221629248449	0.1432592778997215	0.1179349957253559	0.096897150141054	0.0794781680686192
Dark	lumi_contra_dots_off	0.0650957066991463	0.053248356127903	0.0435087365173194	0.0355154731044849	0.0289649643696452	0.0236034816093788	0.0192198916320945	0.0156391364107665	0.0127165053147597	0.0103326770544545	0.0083894760535483	0.0059247858332997	0.0041817077200696	0.0029494313137004	0.002078645385405	0.0014636131025373	0.0010294686320766	0.0007232147379755	0.0005073435927983	0.0003553168009416	0.0002483630732696	0.000173209683772	0.0001204756242386	8.353361443873329e-05	5.770429568851528e-05	3.968575078851527e-05	2.7149714239920907e-05	1.8455838752322823e-05	1.2449560196530362e-05	8.319149666877393e-06	5.4946607206595565e-06	3.5765246030689573e-06	2.285120608565847e-06	1.4251809995492044e-06	8.606837027946113e-07	4.971565215075293e-07	2.6921635033659424e-07	1.318039507725804e-07	5.40258336498564e-08	1.4833982900665804e-08	0.0	0.0	0.0	0.0	0.0	0.0	0.0	0.0	0.0	0.0	0.0	0.0	0.0	0.0	0.0	0.0	0.0	0.0	0.0	0.0	0.0	0.0	0.0	0.0	0.0	0.0	0.0	0.0	0.0	0.0	0.0	0.0	0.0	0.0	0.0	0.0	0.0	0.0	0.0	0.0	0.0	0.0	0.0	0.0	0.0	0.0	0.0	0.0	0.0	0.0	0.0	0.0	0.0	0.0	0.0	0.0	0.0	0.0	0.0	0.0	0.5658615374038927	0.8606422750141043	0.9832371085850492	1.0	0.9549207765451184	0.8767075075377911	0.7836999254782046	0.6872653532680092	0.594135210476262	0.5080037752306528	0.4306147549860832	0.3624935405223726	0.3034354170060471	0.2528265689333828	0.2098512621231542	0.1736221629248449	0.1432592778997215	0.1179349957253559	0.096897150141054	0.0794781680686192
Dark	lumi_off_dots_ipsi	0.0650957066991463	0.053248356127903	0.0435087365173194	0.0355154731044849	0.0289649643696452	0.0236034816093788	0.0192198916320945	0.0156391364107665	0.0127165053147597	0.0103326770544545	0.0083894760535483	0.0059247858332997	0.0041817077200696	0.0029494313137004	0.002078645385405	0.0014636131025373	0.0010294686320766	0.0007232147379755	0.0005073435927983	0.0003553168009416	0.0002483630732696	0.000173209683772	0.0001204756242386	8.353361443873329e-05	5.770429568851528e-05	3.968575078851527e-05	2.7149714239920907e-05	1.8455838752322823e-05	1.2449560196530362e-05	8.319149666877393e-06	5.4946607206595565e-06	3.5765246030689573e-06	2.285120608565847e-06	1.4251809995492044e-06	8.606837027946113e-07	4.971565215075293e-07	2.6921635033659424e-07	1.318039507725804e-07	5.40258336498564e-08	1.4833982900665804e-08	0.0	0.0	0.0	0.0	0.0	0.0	0.0	0.0	0.0	0.0	0.0	0.0	0.0	0.0	0.0	0.0	0.0	0.0	0.0	0.0	0.0	0.0	0.0	0.0	0.0	0.0	0.0	0.0	0.0	0.0	0.0	0.0	0.0	0.0	0.0	0.0	0.0	0.0	0.0	0.0	0.0	0.0	0.0	0.0	0.0	0.0	0.0	0.0	0.0	0.0	0.0	0.0	0.0	0.0	0.0	0.0	0.0	0.0	0.0	0.0	0.0	0.0	0.0	0.0	0.0	0.0	0.0	0.0	0.0	0.0	0.0	0.0	0.0	0.0	0.0	0.0	0.0	0.0	0.0	0.0
Dark	lumi_off_dots_contra	0.0	0.0	0.0	0.0	0.0	0.0	0.0	0.0	0.0	0.0	0.0	0.0	0.0	0.0	0.0	0.0	0.0	0.0	0.0	0.0	0.0	0.0	0.0	0.0	0.0	0.0	0.0	0.0	0.0	0.0	0.0	0.0	0.0	0.0	0.0	0.0	0.0	0.0	0.0	0.0	0.0	0.0	0.0	0.0	0.0	0.0	0.0	0.0	0.0	0.0	0.0	0.0	0.0	0.0	0.0	0.0	0.0	0.0	0.0	0.0	0.0	0.0	0.0	0.0	0.0	0.0	0.0	0.0	0.0	0.0	0.0	0.0	0.0	0.0	0.0	0.0	0.0	0.0	0.0	0.0	0.0	0.0	0.0	0.0	0.0	0.0	0.0	0.0	0.0	0.0	0.0	0.0	0.0	0.0	0.0	0.0	0.0	0.0	0.0	0.0	0.0	0.0	0.0	0.0	0.0	0.0	0.0	0.0	0.0	0.0	0.0	0.0	0.0	0.0	0.0	0.0	0.0	0.0	0.0	0.0
Motion	lumi_ipsi_dots_ipsi	0.0095385122943342	0.0074494787763593	0.0057533827883062	0.004376420358353	0.0032587967520646	0.0023522724420617	0.0016184219908291	0.0010278221187647	0.0005608325648885	0.0002116764510435	8.470990113066771e-10	6.877904727235301e-10	5.584420888678685e-10	4.534194316304271e-10	3.6814773451965276e-10	2.989125305299626e-10	2.4269792965449083e-10	1.9705527333336983e-10	1.5999633716666675e-10	1.2990685687657652e-10	0.109650575979804	0.2444988421469028	0.3731331313098842	0.485576435159015	0.5802163364583552	0.658454870072132	0.7225633169838631	0.7748592178731345	0.817422086982861	0.8520230187452243	0.8801345702187016	0.9029667974774822	0.9215082202515318	0.9365639738634906	0.9487888300574214	0.9587148618678906	0.966774262614302	0.9733180225995912	0.978631155715805	0.9829450885177924	0.9864477302432672	0.9892916535748012	0.9916007387977336	0.9934755692273594	0.9949978122841135	0.9962337767863704	0.9972373013036828	0.998052099339968	0.9987136634830852	0.9992508114573142	0.9996869414213208	0.9998691842336156	0.9999453368609068	0.9999771582675174	0.9999904552731604	0.9999960116069804	0.999998333396254	0.9999993035872926	0.999999708994713	0.9999998783996576	0.999999949187778	0.9999999787675284	0.999999991127808	0.9999999962927022	0.99999999845091	0.999999999352736	0.9999999997295674	0.9999999998870246	0.9999999999528144	0.9999999999803012	0.9999999999917832	0.999999999996578	0.999999999998579	0.9999999999994132	0.9999999999997602	0.9999999999999036	0.9999999999999628	0.9999999999999866	0.9999999999999958	0.999999999999999	1.0	1.0	1.0	1.0	1.0	1.0	1.0	1.0	1.0	1.0	1.0	1.0	1.0	1.0	1.0	1.0	1.0	1.0	1.0	1.0	0.8903494241256721	0.7555011579387364	0.6268668687596468	0.514423564897433	0.4197836635874603	0.3415451299650263	0.2774366830462085	0.2251407821510449	0.1825779130362043	0.1479769812688979	0.1198654297895153	0.0970332025259396	0.0784917797498891	0.0634360261370961	0.0512111699428183	0.0412851381322052	0.0332257373857352	0.0266819774004219	0.0213688442841991	0.0170549114822084
Motion	lumi_ipsi_dots_off	0.0	0.0	0.0	0.0	0.0	0.0	0.0	0.0	0.0	0.0	0.0	0.0	0.0	0.0	0.0	0.0	0.0	0.0	0.0	0.0	0.0	0.0	0.0	0.0	0.0	0.0	0.0	0.0	0.0	0.0	0.0	0.0	0.0	0.0	0.0	0.0	0.0	0.0	0.0	0.0	0.0	0.0	0.0	0.0	0.0	0.0	0.0	0.0	0.0	0.0	0.0	0.0	0.0	0.0	0.0	0.0	0.0	0.0	0.0	0.0	0.0	0.0	0.0	0.0	0.0	0.0	0.0	0.0	0.0	0.0	0.0	0.0	0.0	0.0	0.0	0.0	0.0	0.0	0.0	0.0	0.0	0.0	0.0	0.0	0.0	0.0	0.0	0.0	0.0	0.0	0.0	0.0	0.0	0.0	0.0	0.0	0.0	0.0	0.0	0.0	0.0	0.0	0.0	0.0	0.0	0.0	0.0	0.0	0.0	0.0	0.0	0.0	0.0	0.0	0.0	0.0	0.0	0.0	0.0	0.0
Motion	lumi_contra_dots_contra	0.013552269756733	0.0107083464251985	0.0083992612022662	0.0065244307726405	0.005002187715886	0.0037662232136295	0.0027626986963172	0.001947900660032	0.0012863365169147	0.0007491885426858	0.0003130585786792	0.0001308157663843	5.4663139093216445e-05	2.2841732482527093e-05	9.544726839665836e-06	3.988393019676512e-06	1.666603746027414e-06	6.96412707378179e-07	2.910052869971777e-07	1.2160034248050644e-07	5.081222202255969e-08	2.12324714908717e-08	8.872191931747551e-09	3.707297771240705e-09	1.549089837885968e-09	6.472640324951664e-10	2.704325343907657e-10	1.1297536980000207e-10	4.718543457195148e-11	1.9698810484038004e-11	8.216914802893094e-12	3.422077436236275e-12	1.4209621134063537e-12	5.867528685143953e-13	2.3980817331903386e-13	9.61576497439233e-14	3.719247132494275e-14	1.3415194880887312e-14	4.194175870806148e-15	9.251858538542974e-16	0.0	0.0	0.0	0.0	0.0	0.0	0.0	0.0	0.0	0.0	0.0	0.0	0.0	0.0	0.0	0.0	0.0	0.0	0.0	0.0	0.0	0.0	0.0	0.0	0.0	0.0	0.0	0.0	0.0	0.0	0.0	0.0	0.0	0.0	0.0	0.0	0.0	0.0	0.0	0.0	0.0	0.0	0.0	0.0	0.0	0.0	0.0	0.0	0.0	0.0	0.0	0.0	0.0	0.0	0.0	0.0	0.0	0.0	0.0	0.0	0.0	0.0	0.0	0.0	0.0	0.0	0.0	0.0	0.0	0.0	0.0	0.0	0.0	0.0	0.0	0.0	0.0	0.0	0.0	0.0
Motion	lumi_contra_dots_off	0.0	0.0	0.0	0.0	0.0	0.0	0.0	0.0	0.0	0.0	0.0	0.0	0.0	0.0	0.0	0.0	0.0	0.0	0.0	0.0	0.0	0.0	0.0	0.0	0.0	0.0	0.0	0.0	0.0	0.0	0.0	0.0	0.0	0.0	0.0	0.0	0.0	0.0	0.0	0.0	0.0	0.0	0.0	0.0	0.0	0.0	0.0	0.0	0.0	0.0	0.0	0.0	0.0	0.0	0.0	0.0	0.0	0.0	0.0	0.0	0.0	0.0	0.0	0.0	0.0	0.0	0.0	0.0	0.0	0.0	0.0	0.0	0.0	0.0	0.0	0.0	0.0	0.0	0.0	0.0	0.0	0.0	0.0	0.0	0.0	0.0	0.0	0.0	0.0	0.0	0.0	0.0	0.0	0.0	0.0	0.0	0.0	0.0	0.0	0.0	0.0	0.0	0.0	0.0	0.0	0.0	0.0	0.0	0.0	0.0	0.0	0.0	0.0	0.0	0.0	0.0	0.0	0.0	0.0	0.0
Motion	lumi_off_dots_ipsi	0.0	0.0	0.0	0.0	0.0	0.0	0.0	0.0	0.0	0.0	0.0	0.0	0.0	0.0	0.0	0.0	0.0	0.0	0.0	0.0	0.109650575874328	0.2444988420612636	0.3731331312403532	0.4855764351025669	0.5802163364125398	0.6584548700349735	0.7225633169537915	0.7748592178489548	0.8174220869637955	0.852023018731102	0.8801345702104847	0.9029667974740602	0.9215082202501108	0.936563973862904	0.9487888300571816	0.9587148618677944	0.9667742626142646	0.973318022599578	0.9786311557158008	0.9829450885177914	0.9864477302432672	0.9892916535748012	0.9916007387977336	0.9934755692273594	0.9949978122841135	0.9962337767863704	0.9972373013036828	0.998052099339968	0.9987136634830852	0.9992508114573142	0.9996869414213208	0.9998691842336156	0.9999453368609068	0.9999771582675174	0.9999904552731604	0.9999960116069804	0.999998333396254	0.9999993035872926	0.999999708994713	0.9999998783996576	0.999999949187778	0.9999999787675284	0.999999991127808	0.9999999962927022	0.99999999845091	0.999999999352736	0.9999999997295674	0.9999999998870246	0.9999999999528144	0.9999999999803012	0.9999999999917832	0.999999999996578	0.999999999998579	0.9999999999994132	0.9999999999997602	0.9999999999999036	0.9999999999999628	0.9999999999999866	0.9999999999999958	0.999999999999999	1.0	1.0	1.0	1.0	1.0	1.0	1.0	1.0	1.0	1.0	1.0	1.0	1.0	1.0	1.0	1.0	1.0	1.0	1.0	1.0	0.8903494241256721	0.7555011579387364	0.6268668687596468	0.514423564897433	0.4197836635874603	0.3415451299650263	0.2774366830462085	0.2251407821510449	0.1825779130362043	0.1479769812688979	0.1198654297895153	0.0970332025259396	0.0784917797498891	0.0634360261370961	0.0512111699428183	0.0412851381322052	0.0332257373857352	0.0266819774004219	0.0213688442841991	0.0170549114822084
Motion	lumi_off_dots_contra	0.013552269756733	0.0107083464251985	0.0083992612022662	0.0065244307726405	0.005002187715886	0.0037662232136295	0.0027626986963172	0.001947900660032	0.0012863365169147	0.0007491885426858	0.0003130585786792	0.0001308157663843	5.4663139093216445e-05	2.2841732482527093e-05	9.544726839665836e-06	3.988393019676512e-06	1.666603746027414e-06	6.96412707378179e-07	2.910052869971777e-07	1.2160034248050644e-07	5.081222202255969e-08	2.12324714908717e-08	8.872191931747551e-09	3.707297771240705e-09	1.549089837885968e-09	6.472640324951664e-10	2.704325343907657e-10	1.1297536980000207e-10	4.718543457195148e-11	1.9698810484038004e-11	8.216914802893094e-12	3.422077436236275e-12	1.4209621134063537e-12	5.867528685143953e-13	2.3980817331903386e-13	9.61576497439233e-14	3.719247132494275e-14	1.3415194880887312e-14	4.194175870806148e-15	9.251858538542974e-16	0.0	0.0	0.0	0.0	0.0	0.0	0.0	0.0	0.0	0.0	0.0	0.0	0.0	0.0	0.0	0.0	0.0	0.0	0.0	0.0	0.0	0.0	0.0	0.0	0.0	0.0	0.0	0.0	0.0	0.0	0.0	0.0	0.0	0.0	0.0	0.0	0.0	0.0	0.0	0.0	0.0	0.0	0.0	0.0	0.0	0.0	0.0	0.0	0.0	0.0	0.0	0.0	0.0	0.0	0.0	0.0	0.0	0.0	0.0	0.0	0.0	0.0	0.0	0.0	0.0	0.0	0.0	0.0	0.0	0.0	0.0	0.0	0.0	0.0	0.0	0.0	0.0	0.0	0.0	0.0
Difference	lumi_ipsi_dots_ipsi	0.0078527373028287	0.006527904849629	0.0053935983714461	0.0044260922758173	0.0036005671785528	0.0028920977893434	0.0022758849443749	0.0017268992658257	0.0012190073773989	0.0007235684682494	0.0002074084167016	0.0001684024320176	0.0001367320553353	0.0001110177254107	9.013932632801184e-05	7.318739526330886e-05	5.942350629443645e-05	4.8248104576227184e-05	3.917438973837883e-05	3.180711086692342e-05	0.2425176565890543	0.3688368441465979	0.421369143671755	0.4285494185423214	0.4092287350121628	0.3757094065400742	0.3358505644131127	0.2945234288757735	0.2546125811026244	0.2177010856328062	0.1845361205937682	0.155342930949347	0.1300338672839187	0.1083458041038235	0.0899291119563166	0.0744034962704724	0.0613918204833689	0.0505394043448721	0.041523904572546	0.0340592332959674	0.0278958297744311	0.0228188179164779	0.0186450438766592	0.0152196456927642	0.0124125192958185	0.0101149328956865	0.0082364083967916	0.0067019271969833	0.0054494756347863	0.004427920286009	0.0035951894180684	0.0025389818382272	0.0017920107583227	0.0012639364104092	0.000890773612777	0.0006272103650815	0.0004411639902959	0.000309923284406	0.0002174148068975	0.0001522659096532	0.0001064324264303	7.422652120701435e-05	5.1628097706403685e-05	3.579713021008087e-05	2.472834678975756e-05	1.7006758273382404e-05	1.1634619935258946e-05	7.908984513508635e-06	5.335080139989323e-06	3.565052055552252e-06	2.3546579014854428e-06	1.532668229143069e-06	9.792556029125516e-07	6.107408395609631e-07	3.688336340490994e-07	2.1304928386998374e-07	1.153687986862522e-07	5.648268927107637e-08	2.3151994737455712e-08	6.356890229212825e-09	0.0	0.0	0.0	0.0	0.0	0.0	0.0	0.0	0.0	0.0	0.0	0.0	0.0	0.0	0.0	0.0	0.0	0.0	0.0	0.0	0.2424918312396755	0.3688158807681756	0.4213521351839317	0.4285356314412183	0.4092175779531007	0.3757004053319641	0.3358433424252383	0.2945176921303785	0.2546081075829063	0.2176977185929909	0.1845337659358671	0.1553413982811183	0.1300328880283162	0.1083451933629844	0.089928743122683	0.074403283221189	0.0613917051145707	0.0505393478621833	0.0415238814205517	0.0340592269390776
Difference	lumi_ipsi_dots_off	0.0278958297744316	0.0228188179164784	0.0186450438766597	0.0152196456927647	0.0124125192958189	0.0101149328956869	0.0082364083967921	0.0067019271969838	0.0054494756347868	0.0044279202860095	0.0035951894180689	0.0025389818382276	0.0017920107583231	0.0012639364104096	0.0008907736127773	0.0006272103650818	0.0004411639902962	0.0003099232844063	0.0002174148068978	0.0001522659096535	0.242598263666106	0.3688901072893827	0.4214037632816381	0.4285714285714282	0.4092423062998904	0.3757174120902373	0.3358549770451732	0.2945256011148917	0.254613442663046	0.217701283645046	0.1845361205937682	0.155342930949347	0.1300338672839187	0.1083458041038235	0.0899291119563166	0.0744034962704724	0.0613918204833689	0.0505394043448721	0.041523904572546	0.0340592332959674	0.0278958297744311	0.0228188179164779	0.0186450438766592	0.0152196456927642	0.0124125192958185	0.0101149328956865	0.0082364083967916	0.0067019271969833	0.0054494756347863	0.004427920286009	0.0035951894180684	0.0025389818382272	0.0017920107583227	0.0012639364104092	0.000890773612777	0.0006272103650815	0.0004411639902959	0.000309923284406	0.0002174148068975	0.0001522659096532	0.0001064324264303	7.422652120701435e-05	5.1628097706403685e-05	3.579713021008087e-05	2.472834678975756e-05	1.7006758273382404e-05	1.1634619935258946e-05	7.908984513508635e-06	5.335080139989323e-06	3.565052055552252e-06	2.3546579014854428e-06	1.532668229143069e-06	9.792556029125516e-07	6.107408395609631e-07	3.688336340490994e-07	2.1304928386998374e-07	1.153687986862522e-07	5.648268927107637e-08	2.3151994737455712e-08	6.356890229212825e-09	0.0	0.0	0.0	0.0	0.0	0.0	0.0	0.0	0.0	0.0	0.0	0.0	0.0	0.0	0.0	0.0	0.0	0.0	0.0	0.0	0.2424918312396755	0.3688158807681756	0.4213521351839317	0.4285356314412183	0.4092175779531007	0.3757004053319641	0.3358433424252383	0.2945176921303785	0.2546081075829063	0.2176977185929909	0.1845337659358671	0.1553413982811183	0.1300328880283162	0.1083451933629844	0.089928743122683	0.074403283221189	0.0613917051145707	0.0505393478621833	0.0415238814205517	0.0340592269390776
Difference	lumi_contra_dots_contra	0.0650902694736723	0.0532439084717815	0.0435051023788711	0.0355125066164494	0.028962545023576	0.0236015100899347	0.0192182862591799	0.015637830126294	0.0127154431478343	0.0103318140006873	0.0083887753088261	0.0059242909558633	0.0041813584360863	0.0029491849576214	0.0020784717631463	0.0014634908518569	0.0010293826440239	0.0007231543302808	0.0005073012160944	0.0003552871225244	0.566062615220914	0.8607435836752264	0.983275447657156	1.0	0.9548987146997452	0.8766739615438882	0.7836616131054055	0.6872264026014154	0.5940980328804424	0.5079696618384425	0.4305842813854607	0.3624668388818113	0.3034123569958121	0.2528068762422568	0.2098345945647405	0.1736081579644373	0.1432475811278625	0.1179252768047035	0.0968891106692757	0.079471544357259	0.0650902694736745	0.0532439084717838	0.0435051023788734	0.0355125066164517	0.0289625450235783	0.0236015100899368	0.0192182862591822	0.0156378301262964	0.0127154431478367	0.0103318140006897	0.0083887753088282	0.0059242909558652	0.004181358436088	0.002949184957623	0.0020784717631478	0.0014634908518583	0.0010293826440253	0.0007231543302821	0.0005073012160956	0.0003552871225255	0.0002483423283388	0.000173195216151	0.0001204655613163	8.352663715822908e-05	5.769947584413549e-05	3.968243597258894e-05	2.7147446516963865e-05	1.8454297199543333e-05	1.2448520327995754e-05	8.318454797640692e-06	5.494201771482992e-06	3.5762258693493857e-06	2.284929741477006e-06	1.4250619603224188e-06	8.606118141274734e-07	4.971149970423578e-07	2.6919386494667905e-07	1.317929429774264e-07	5.402132239855723e-08	1.4832745212384033e-08	1.343936900104267e-15	1.343936900104267e-15	1.343936900104267e-15	1.343936900104267e-15	1.343936900104267e-15	1.343936900104267e-15	1.343936900104267e-15	1.343936900104267e-15	1.343936900104267e-15	1.343936900104267e-15	1.343936900104267e-15	1.343936900104267e-15	1.343936900104267e-15	1.343936900104267e-15	1.343936900104267e-15	1.343936900104267e-15	1.343936900104267e-15	1.343936900104267e-15	1.343936900104267e-15	1.343936900104267e-15	0.565814272892577	0.8605703884590767	0.9831549820958404	0.9999164733628422	0.9548410152239012	0.8766342791079152	0.7836344656588882	0.6872079483042155	0.5940855843601137	0.5079613433836442	0.4305787871836884	0.3624632626559412	0.3034100720660699	0.2528054511802955	0.2098337339529256	0.1736076608494396	0.1432473119339969	0.1179251450117597	0.0968890566479525	0.0794715295245129
Difference	lumi_contra_dots_off	0.0650902694736723	0.0532439084717815	0.0435051023788711	0.0355125066164494	0.028962545023576	0.0236015100899347	0.0192182862591799	0.015637830126294	0.0127154431478343	0.0103318140006873	0.0083887753088261	0.0059242909558633	0.0041813584360863	0.0029491849576214	0.0020784717631463	0.0014634908518569	0.0010293826440239	0.0007231543302808	0.0005073012160944	0.0003552871225244	0.566062615220914	0.8607435836752264	0.983275447657156	1.0	0.9548987146997452	0.8766739615438882	0.7836616131054055	0.6872264026014154	0.5940980328804424	0.5079696618384425	0.4305842813854607	0.3624668388818113	0.3034123569958121	0.2528068762422568	0.2098345945647405	0.1736081579644373	0.1432475811278625	0.1179252768047035	0.0968891106692757	0.079471544357259	0.0650902694736745	0.0532439084717838	0.0435051023788734	0.0355125066164517	0.0289625450235783	0.0236015100899368	0.0192182862591822	0.0156378301262964	0.0127154431478367	0.0103318140006897	0.0083887753088282	0.0059242909558652	0.004181358436088	0.002949184957623	0.0020784717631478	0.0014634908518583	0.0010293826440253	0.0007231543302821	0.0005073012160956	0.0003552871225255	0.0002483423283388	0.000173195216151	0.0001204655613163	8.352663715822908e-05	5.769947584413549e-05	3.968243597258894e-05	2.7147446516963865e-05	1.8454297199543333e-05	1.2448520327995754e-05	8.318454797640692e-06	5.494201771482992e-06	3.5762258693493857e-06	2.284929741477006e-06	1.4250619603224188e-06	8.606118141274734e-07	4.971149970423578e-07	2.6919386494667905e-07	1.317929429774264e-07	5.402132239855723e-08	1.4832745212384033e-08	1.343936900104267e-15	1.343936900104267e-15	1.343936900104267e-15	1.343936900104267e-15	1.343936900104267e-15	1.343936900104267e-15	1.343936900104267e-15	1.343936900104267e-15	1.343936900104267e-15	1.343936900104267e-15	1.343936900104267e-15	1.343936900104267e-15	1.343936900104267e-15	1.343936900104267e-15	1.343936900104267e-15	1.343936900104267e-15	1.343936900104267e-15	1.343936900104267e-15	1.343936900104267e-15	1.343936900104267e-15	0.565814272892577	0.8605703884590767	0.9831549820958404	0.9999164733628422	0.9548410152239012	0.8766342791079152	0.7836344656588882	0.6872079483042155	0.5940855843601137	0.5079613433836442	0.4305787871836884	0.3624632626559412	0.3034100720660699	0.2528054511802955	0.2098337339529256	0.1736076608494396	0.1432473119339969	0.1179251450117597	0.0968890566479525	0.0794715295245129
Difference	lumi_off_dots_ipsi	0.0650902694736723	0.0532439084717815	0.0435051023788711	0.0355125066164494	0.028962545023576	0.0236015100899347	0.0192182862591799	0.015637830126294	0.0127154431478343	0.0103318140006873	0.0083887753088261	0.0059242909558633	0.0041813584360863	0.0029491849576214	0.0020784717631463	0.0014634908518569	0.0010293826440239	0.0007231543302808	0.0005073012160944	0.0003552871225244	0.0002483423283376	0.0001731952161499	0.0001204655613152	8.352663715714784e-05	5.769947584306855e-05	3.96824359715333e-05	2.71474465159174e-05	1.8454297198504505e-05	1.2448520326963136e-05	8.318454796612993e-06	5.494201770459508e-06	3.5762258683292192e-06	2.284929740459632e-06	1.425061959307214e-06	8.606118131139302e-07	4.971149960301635e-07	2.691938639354805e-07	1.3179294196733446e-07	5.4021321389363554e-08	1.48327442038205e-08	3.3598422502606674e-16	3.3598422502606674e-16	3.3598422502606674e-16	3.3598422502606674e-16	3.3598422502606674e-16	3.3598422502606674e-16	3.3598422502606674e-16	3.3598422502606674e-16	3.3598422502606674e-16	3.3598422502606674e-16	3.3598422502606674e-16	3.3598422502606674e-16	3.3598422502606674e-16	3.3598422502606674e-16	3.3598422502606674e-16	3.3598422502606674e-16	3.3598422502606674e-16	3.3598422502606674e-16	3.3598422502606674e-16	3.3598422502606674e-16	3.3598422502606674e-16	3.3598422502606674e-16	3.3598422502606674e-16	3.3598422502606674e-16	3.3598422502606674e-16	3.3598422502606674e-16	3.3598422502606674e-16	3.3598422502606674e-16	3.3598422502606674e-16	3.3598422502606674e-16	3.3598422502606674e-16	3.3598422502606674e-16	3.3598422502606674e-16	3.3598422502606674e-16	3.3598422502606674e-16	3.3598422502606674e-16	3.3598422502606674e-16	3.3598422502606674e-16	3.3598422502606674e-16	3.3598422502606674e-16	3.3598422502606674e-16	3.3598422502606674e-16	3.3598422502606674e-16	3.3598422502606674e-16	3.3598422502606674e-16	3.3598422502606674e-16	3.3598422502606674e-16	3.3598422502606674e-16	3.3598422502606674e-16	3.3598422502606674e-16	3.3598422502606674e-16	3.3598422502606674e-16	3.3598422502606674e-16	3.3598422502606674e-16	3.3598422502606674e-16	3.3598422502606674e-16	3.3598422502606674e-16	3.3598422502606674e-16	3.3598422502606674e-16	3.3598422502606674e-16	3.3598422502606674e-16	3.3598422502606674e-16	3.3598422502606674e-16	3.3598422502606674e-16	3.3598422502606674e-16	3.3598422502606674e-16	3.3598422502606674e-16	3.3598422502606674e-16	3.3598422502606674e-16	3.3598422502606674e-16	3.3598422502606674e-16	3.3598422502606674e-16	3.3598422502606674e-16	3.3598422502606674e-16	3.3598422502606674e-16	3.3598422502606674e-16	3.3598422502606674e-16	3.3598422502606674e-16	3.3598422502606674e-16	3.3598422502606674e-16
Difference	lumi_off_dots_contra	3.3598422502606674e-16	3.3598422502606674e-16	3.3598422502606674e-16	3.3598422502606674e-16	3.3598422502606674e-16	3.3598422502606674e-16	3.3598422502606674e-16	3.3598422502606674e-16	3.3598422502606674e-16	3.3598422502606674e-16	3.3598422502606674e-16	3.3598422502606674e-16	3.3598422502606674e-16	3.3598422502606674e-16	3.3598422502606674e-16	3.3598422502606674e-16	3.3598422502606674e-16	3.3598422502606674e-16	3.3598422502606674e-16	3.3598422502606674e-16	3.3598422502606674e-16	3.3598422502606674e-16	3.3598422502606674e-16	3.3598422502606674e-16	3.3598422502606674e-16	3.3598422502606674e-16	3.3598422502606674e-16	3.3598422502606674e-16	3.3598422502606674e-16	3.3598422502606674e-16	3.3598422502606674e-16	3.3598422502606674e-16	3.3598422502606674e-16	3.3598422502606674e-16	3.3598422502606674e-16	3.3598422502606674e-16	3.3598422502606674e-16	3.3598422502606674e-16	3.3598422502606674e-16	3.3598422502606674e-16	3.3598422502606674e-16	3.3598422502606674e-16	3.3598422502606674e-16	3.3598422502606674e-16	3.3598422502606674e-16	3.3598422502606674e-16	3.3598422502606674e-16	3.3598422502606674e-16	3.3598422502606674e-16	3.3598422502606674e-16	3.3598422502606674e-16	3.3598422502606674e-16	3.3598422502606674e-16	3.3598422502606674e-16	3.3598422502606674e-16	3.3598422502606674e-16	3.3598422502606674e-16	3.3598422502606674e-16	3.3598422502606674e-16	3.3598422502606674e-16	3.3598422502606674e-16	3.3598422502606674e-16	3.3598422502606674e-16	3.3598422502606674e-16	3.3598422502606674e-16	3.3598422502606674e-16	3.3598422502606674e-16	3.3598422502606674e-16	3.3598422502606674e-16	3.3598422502606674e-16	3.3598422502606674e-16	3.3598422502606674e-16	3.3598422502606674e-16	3.3598422502606674e-16	3.3598422502606674e-16	3.3598422502606674e-16	3.3598422502606674e-16	3.3598422502606674e-16	3.3598422502606674e-16	3.3598422502606674e-16	3.3598422502606674e-16	3.3598422502606674e-16	3.3598422502606674e-16	3.3598422502606674e-16	3.3598422502606674e-16	3.3598422502606674e-16	3.3598422502606674e-16	3.3598422502606674e-16	3.3598422502606674e-16	3.3598422502606674e-16	3.3598422502606674e-16	3.3598422502606674e-16	3.3598422502606674e-16	3.3598422502606674e-16	3.3598422502606674e-16	3.3598422502606674e-16	3.3598422502606674e-16	3.3598422502606674e-16	3.3598422502606674e-16	3.3598422502606674e-16	3.3598422502606674e-16	3.3598422502606674e-16	3.3598422502606674e-16	3.3598422502606674e-16	3.3598422502606674e-16	3.3598422502606674e-16	3.3598422502606674e-16	3.3598422502606674e-16	3.3598422502606674e-16	3.3598422502606674e-16	3.3598422502606674e-16	3.3598422502606674e-16	3.3598422502606674e-16	3.3598422502606674e-16	3.3598422502606674e-16	3.3598422502606674e-16	3.3598422502606674e-16	3.3598422502606674e-16	3.3598422502606674e-16	3.3598422502606674e-16
Drive	lumi_ipsi_dots_ipsi	0.0331370382822956	0.0309360730861524	0.0291424570023875	0.0276810383745713	0.0264902897629073	0.0255200012426835	0.0247295762095109	0.024087147568293	0.0235701567604027	0.0231691139948007	0.0228992218259763	0.0228948081462078	0.0228912245191835	0.0228883148421515	0.0228859523696136	0.0228840341922932	0.0228824767544086	0.0228812122139831	0.0228801854876505	0.0228793518512235	0.1598703659666544	0.3068910098122208	0.438541541684942	0.5488540434163115	0.638670584679735	0.7108697989998155	0.7685997537419471	0.8146838175473855	0.8514761243355532	0.8808785705042659	0.9044063876794676	0.9232600216208074	0.9383891174028184	0.9505453337676294	0.9603245553127182	0.9682000991530648	0.9745487033673	0.9796708419452737	0.9838066218340384	0.9871482500063516	0.9898498367306972	0.9920351259619568	0.9938036077549288	0.9952353659003256	0.9963949294814236	0.997334341808362	0.998095610421494	0.998712666702819	0.999212935937328	0.9996185971978008	0.999947595722008	1.0	0.9999864473108048	0.9999561970119504	0.9999262741462268	0.9999015871251122	0.999882680925204	0.9998687271794084	0.9998586342781004	0.9998514191339124	0.99984629844807	0.9998426816648028	0.999840136065764	0.9998383495597782	0.9998370991186653	0.9998362262527524	0.999835618742581	0.9998351973318356	0.9998349061549572	0.9998347059014177	0.9998345689557536	0.9998344759519356	0.9998344133350676	0.999834371638341	0.9998343442668272	0.9998343266399388	0.9998343155874324	0.9998343089244832	0.9998343051531188	0.9998343032527536	0.9998343025334712	0.9998343025334712	0.9998343025334712	0.9998343025334712	0.9998343025334712	0.9998343025334712	0.9998343025334712	0.9998343025334712	0.9998343025334712	0.9998343025334712	0.9998343025334712	0.9998343025334712	0.9998343025334712	0.9998343025334712	0.9998343025334712	0.9998343025334712	0.9998343025334712	0.9998343025334712	0.9998343025334712	0.9998343025334712	0.9177185809424916	0.79928455476501	0.6795225444820863	0.5708353054549561	0.4766467856725435	0.3968623818500274	0.33011256127392	0.2746763231616285	0.2288523232641398	0.1910969205174716	0.1600639770029276	0.1346040090655206	0.1137475276983256	0.0966833382530491	0.0827364414839783	0.0713474640887163	0.0620543250489696	0.0544762883196848	0.0483003020766075	0.0432694186022943
Drive	lumi_ipsi_dots_off	0.0266564230465841	0.0259488004194116	0.0253684214624637	0.0248930539982925	0.0245041528989661	0.0241863104371475	0.0239267681767125	0.0237149910013076	0.0235423002249123	0.0234015607919896	0.0232869167332338	0.0231638085272566	0.0230786546317632	0.0230187912294411	0.0229765481217744	0.0229467224348082	0.022925670650252	0.0229108206382947	0.022900353272123	0.0228929816619251	0.058608211062517	0.0810823574399565	0.0939264923216277	0.1003869790569143	0.102794875710157	0.1027337750814223	0.1012539289161379	0.0990381972921368	0.0965200647939396	0.093965645273089	0.091530122919186	0.0892963274624696	0.0873009027473873	0.0855518991908866	0.0840404661288226	0.0827485077087127	0.0816535961281745	0.0807320371236206	0.0799607040005549	0.0793180623791762	0.0787846729772124	0.0783433663977564	0.0779792191195126	0.0776794180144705	0.0774330656232823	0.0772309636386981	0.0770653952784504	0.0769299189281972	0.0768191795649837	0.0767287407361188	0.0766549375660307	0.0765390257006166	0.0764551398313388	0.0763954998606998	0.0763532961226584	0.0763234773727897	0.07630242681058	0.0762875770140054	0.0762771096857851	0.0762697380822744	0.0762645520178129	0.0762609079152267	0.0762583509004586	0.0762565596242707	0.076255307189876	0.0762544334910532	0.0762538256328472	0.0762534040766771	0.0762531128390365	0.0762529125601107	0.0762527756038424	0.0762526825955959	0.0762526199768796	0.0762525782793825	0.0762525509075483	0.0762525332805272	0.0762525222279667	0.0762525155649951	0.0762525117936223	0.0762525098932539	0.0762525091739709	0.0762525091739709	0.0762525091739709	0.0762525091739709	0.0762525091739709	0.0762525091739709	0.0762525091739709	0.0762525091739709	0.0762525091739709	0.0762525091739709	0.0762525091739709	0.0762525091739709	0.0762525091739709	0.0762525091739709	0.0762525091739709	0.0762525091739709	0.0762525091739709	0.0762525091739709	0.0762525091739709	0.0762525091739709	0.0954080630919046	0.1015174404307727	0.1005597176353971	0.0957230668405975	0.0889422368334158	0.0814175182037248	0.0738770920023915	0.0667403958242058	0.0602266869143272	0.0544280747812178	0.0493584483961198	0.0449859098611977	0.0412539489929441	0.0380949794697499	0.035438737308152	0.0332172621734795	0.0313676389285605	0.0298332997818254	0.028564426550587	0.0275178128699687
Drive	lumi_contra_dots_contra	0.0424898183668661	0.038579872872928	0.0353916318870446	0.0327933306685274	0.0306768317757179	0.0289535171408945	0.0275508550410443	0.0264095434730168	0.0254811416819086	0.0247261123213545	0.0241122071457422	0.0236665763253573	0.0233993018062783	0.0232305394109234	0.023119745654961	0.0230450302364206	0.0229937667314906	0.0229582209502441	0.0229334227213404	0.0229160658474573	0.0833762507432445	0.1132118992049237	0.1241182965101114	0.1235894781516759	0.1165169781707338	0.1060663016187006	0.0942431150310314	0.0822768745629239	0.0708831290620662	0.0604424647335357	0.0511218178668511	0.0429559976773645	0.0359018464648608	0.0298736847245633	0.0247660429284901	0.0204678306192473	0.0168708007983513	0.0138742670567784	0.01138740536453	0.0093300394466133	0.0076325102191534	0.0062350250869094	0.005086742452797	0.0041447577593775	0.0033730825353665	0.002741679150394	0.0022255794952718	0.0018041002051859	0.0014601564061509	0.0011796697331956	0.0009510630138776	0.0006706641909433	0.0004731794121402	0.0003337109321344	0.0002351811757933	0.0001655945129651	0.0001164748464734	8.182502369947913e-05	5.740120544317912e-05	4.020078801665242e-05	2.809996931270361e-05	1.959706299167044e-05	1.3630695148724236e-05	9.451050701555875e-06	6.528703778714298e-06	4.490073191927083e-06	3.0717373781954097e-06	2.088106314479229e-06	1.4085518196881342e-06	9.412343261144468e-07	6.216697003530592e-07	4.046504581954915e-07	2.585401203281597e-07	1.6124596038661689e-07	9.737834718714866e-08	5.6248631433449094e-08	3.0459323395669904e-08	1.4912389786789482e-08	6.11252006132941e-09	1.6783270037075894e-09	0.0	0.0	0.0	0.0	0.0	0.0	0.0	0.0	0.0	0.0	0.0	0.0	0.0	0.0	0.0	0.0	0.0	0.0	0.0	0.0	0.0675715774704474	0.1044307903611197	0.1212593431749432	0.1255771072909887	0.1224460941194592	0.1151965249022564	0.1059724089531165	0.0961163177373636	0.0864357665586152	0.0773860236691865	0.0691946568009307	0.0619456976721657	0.0556359491883713	0.050212173741943	0.0455952400158182	0.0416954406971026	0.0384218892585441	0.0356879939804206	0.0334143741792843	0.0315301443925384
Drive	lumi_contra_dots_off	0.0299731887608509	0.0286898390776284	0.0276342271629605	0.0267674851948821	0.0260569022743591	0.0254751019510583	0.0249992768245878	0.0246104978881383	0.0242931046947526	0.0240341754235364	0.023823071942219	0.0235457572652404	0.023348815926244	0.0232094432026738	0.0231109303190293	0.0230413466292429	0.0229922274866141	0.022957577756147	0.0229331539541555	0.0229159535395949	0.0833762038140014	0.1132118795949996	0.1241182883159165	0.1235894747276832	0.1165169767400226	0.1060663010208992	0.0942431147812649	0.082276874458582	0.0708831290184866	0.0604424647153423	0.0511218178592621	0.0429559976742039	0.0359018464635484	0.0298736847240214	0.0247660429282685	0.0204678306191585	0.0168708007983169	0.013874267056766	0.0113874053645261	0.0093300394466124	0.0076325102191534	0.0062350250869094	0.005086742452797	0.0041447577593775	0.0033730825353665	0.002741679150394	0.0022255794952718	0.0018041002051859	0.0014601564061509	0.0011796697331956	0.0009510630138776	0.0006706641909433	0.0004731794121402	0.0003337109321344	0.0002351811757933	0.0001655945129651	0.0001164748464734	8.182502369947913e-05	5.740120544317912e-05	4.020078801665242e-05	2.809996931270361e-05	1.959706299167044e-05	1.3630695148724236e-05	9.451050701555875e-06	6.528703778714298e-06	4.490073191927083e-06	3.0717373781954097e-06	2.088106314479229e-06	1.4085518196881342e-06	9.412343261144468e-07	6.216697003530592e-07	4.046504581954915e-07	2.585401203281597e-07	1.6124596038661689e-07	9.737834718714866e-08	5.6248631433449094e-08	3.0459323395669904e-08	1.4912389786789482e-08	6.11252006132941e-09	1.6783270037075894e-09	0.0	0.0	0.0	0.0	0.0	0.0	0.0	0.0	0.0	0.0	0.0	0.0	0.0	0.0	0.0	0.0	0.0	0.0	0.0	0.0	0.0675715774704474	0.1044307903611197	0.1212593431749432	0.1255771072909887	0.1224460941194592	0.1151965249022564	0.1059724089531165	0.0961163177373636	0.0864357665586152	0.0773860236691865	0.0691946568009307	0.0619456976721657	0.0556359491883713	0.050212173741943	0.0455952400158182	0.0416954406971026	0.0384218892585441	0.0356879939804206	0.0334143741792843	0.0315301443925384
Drive	lumi_off_dots_ipsi	0.0299731887608509	0.0286898390776284	0.0276342271629605	0.0267674851948821	0.0260569022743591	0.0254751019510583	0.0249992768245878	0.0246104978881383	0.0242931046947526	0.0240341754235364	0.023823071942219	0.0235457572652404	0.023348815926244	0.0232094432026738	0.0231109303190293	0.0230413466292429	0.0229922274866141	0.022957577756147	0.0229331539541555	0.0229159535395949	0.1241751282303097	0.248710028840427	0.3675083499601478	0.4713547585480341	0.5587595259763424	0.6310171725385807	0.6902251485775411	0.7385237068805834	0.7778333183136986	0.8097896416097636	0.8357526391745839	0.8568398515578264	0.8739642259464303	0.8878693485743522	0.8991599393142126	0.9083274004450862	0.9157708904506058	0.9218145724862216	0.926721676698191	0.930705942057693	0.9339409165056762	0.9365675123163916	0.9387001413876076	0.9404317006380462	0.9418376166103322	0.9429791309218551	0.9439059678952344	0.9446585005268128	0.9452695091245352	0.9457656092138732	0.9461684109081684	0.9463367270515743	0.946407060231657	0.9464364499034416	0.9464487307757596	0.9464538625045136	0.9464560068668147	0.946456902917594	0.9464572773445066	0.9464574338038292	0.9464574991824484	0.9464575265017672	0.9464575379174964	0.9464575426876988	0.94645754468098	0.9464575455138902	0.9464575458619248	0.9464575460073494	0.9464575460681118	0.946457546093498	0.9464575461041024	0.9464575461085308	0.9464575461103792	0.9464575461111494	0.94645754611147	0.9464575461116026	0.946457546111657	0.9464575461116788	0.9464575461116874	0.9464575461116904	0.9464575461116912	0.9464575461116912	0.9464575461116912	0.9464575461116912	0.9464575461116912	0.9464575461116912	0.9464575461116912	0.9464575461116912	0.9464575461116912	0.9464575461116912	0.9464575461116912	0.9464575461116912	0.9464575461116912	0.9464575461116912	0.9464575461116912	0.9464575461116912	0.9464575461116912	0.9464575461116912	0.9464575461116912	0.9464575461116912	0.8451862706027775	0.7206428670864283	0.6018385795988804	0.4979879913665498	0.4105803015913188	0.3383206163984938	0.2791112220237198	0.2308116800896141	0.1915013891020037	0.1595445984884451	0.1335812813589991	0.1124938519565142	0.0953693314575727	0.0814641115354906	0.0701734569280174	0.0610059546674281	0.0535624388726004	0.0475187412900506	0.0426116282782119	0.0386273584845168
Drive	lumi_off_dots_contra	0.0353923823582065	0.0327657865474908	0.0306331574762751	0.0289015982258366	0.0274956822535501	0.0263541679420275	0.0254273309686478	0.0246747983370697	0.0240637897393472	0.0235676896500094	0.0231648879557143	0.0229965718123082	0.0229262386322256	0.0228968489604409	0.0228845680881229	0.0228794363593689	0.0228772919970679	0.0228763959462885	0.0228760215193761	0.0228758650600536	0.0228757996814344	0.0228757723621154	0.0228757609463862	0.022875756176184	0.0228757541829024	0.0228757533499926	0.0228757530019578	0.0228757528565333	0.0228757527957709	0.0228757527703848	0.0228757527597803	0.0228757527553519	0.0228757527535036	0.0228757527527332	0.0228757527524127	0.0228757527522801	0.0228757527522256	0.0228757527522037	0.0228757527521952	0.0228757527521922	0.0228757527521913	0.0228757527521913	0.0228757527521913	0.0228757527521913	0.0228757527521913	0.0228757527521913	0.0228757527521913	0.0228757527521913	0.0228757527521913	0.0228757527521913	0.0228757527521913	0.0228757527521913	0.0228757527521913	0.0228757527521913	0.0228757527521913	0.0228757527521913	0.0228757527521913	0.0228757527521913	0.0228757527521913	0.0228757527521913	0.0228757527521913	0.0228757527521913	0.0228757527521913	0.0228757527521913	0.0228757527521913	0.0228757527521913	0.0228757527521913	0.0228757527521913	0.0228757527521913	0.0228757527521913	0.0228757527521913	0.0228757527521913	0.0228757527521913	0.0228757527521913	0.0228757527521913	0.0228757527521913	0.0228757527521913	0.0228757527521913	0.0228757527521913	0.0228757527521913	0.0228757527521913	0.0228757527521913	0.0228757527521913	0.0228757527521913	0.0228757527521913	0.0228757527521913	0.0228757527521913	0.0228757527521913	0.0228757527521913	0.0228757527521913	0.0228757527521913	0.0228757527521913	0.0228757527521913	0.0228757527521913	0.0228757527521913	0.0228757527521913	0.0228757527521913	0.0228757527521913	0.0228757527521913	0.0228757527521913	0.0228757527521913	0.0228757527521913	0.0228757527521913	0.0228757527521913	0.0228757527521913	0.0228757527521913	0.0228757527521913	0.0228757527521913	0.0228757527521913	0.0228757527521913	0.0228757527521913	0.0228757527521913	0.0228757527521913	0.0228757527521913	0.0228757527521913	0.0228757527521913	0.0228757527521913	0.0228757527521913	0.0228757527521913	0.0228757527521913
